<?xml version="1.0" encoding="UTF-8" standalone="yes"?>
<addon id="repo.kodirepo" name="KODI REPO BR" version="0.0.2" provider-name="Joel">
	<requires>
    	<import addon="xbmc.addon" version="12.0.0"/>
	</requires>
	<extension point="xbmc.addon.repository" name="KODI REPO BR">
		<dir>
    		<info compressed="false">https://github.com/Gujal00/smrzips/raw/master/addons.xml</info>
    		<checksum>https://github.com/Gujal00/smrzips/raw/master/addons.xml.md5</checksum>
    		<datadir zip="true">https://github.com/Gujal00/smrzips/raw/master/zips</datadir>
			<hashes>false</hashes>
		</dir>

  		<dir minversion="17.0.0" maxversion="18.9.0">
			<info compressed="false">https://github.com/zoreu/kodirepo/raw/main/leia/addons.xml</info>
			<checksum>https://github.com/zoreu/kodirepo/raw/main/leia/addons.xml.md5</checksum>
			<datadir zip="true">https://github.com/zoreu/kodirepo/raw/main/leia/zips</datadir>
			<hashes>false</hashes>
    	</dir>

  		<dir minversion="18.9.1">
			<info compressed="false">https://github.com/zoreu/kodirepo/raw/main/nexus/addons.xml</info>
			<checksum>https://github.com/zoreu/kodirepo/raw/main/nexus/addons.xml.md5</checksum>
			<datadir zip="true">https://github.com/zoreu/kodirepo/raw/main/nexus/zips</datadir>
			<hashes>false</hashes>
    	</dir>
	</extension>
	<extension point="xbmc.addon.metadata">
		<summary lang="pt_br">KODI REPO BR</summary>
        <description lang="pt_br">KODI REPO BR, agregador de addons br</description>
        <disclaimer	lang="pt_br"></disclaimer>
		<platform>all</platform>
		<source>https://github.com/zoreu/kodirepo/</source>
		 <assets>
            <icon>icon.png</icon>
			<fanart>fanart.jpg</fanart>
        </assets>
	    <news></news>
	</extension>
</addon>
